<Schema name="TRANSPROCON">
  <Dimension type="TimeDimension" visible="true" highCardinality="false" name="TEMPO_ABAERTURA">
    <Hierarchy name="DataAbertura" visible="true" hasAll="true" primaryKey="pkData">
      <Table name="DIM_DATA">
      </Table>
      <Level name="Ano" visible="true" table="DIM_DATA" column="numAno" type="Integer" uniqueMembers="false" levelType="TimeYears" hideMemberIf="Never" description="Ano">
      </Level>
      <Level name="Mes" visible="true" column="strMesNome" type="String" uniqueMembers="false" levelType="TimeMonths" hideMemberIf="Never" description="Mes">
      </Level>
    </Hierarchy>
  </Dimension>
  <Dimension type="StandardDimension" visible="true" highCardinality="false" name="REGIAO">
    <Hierarchy name="Regiao" visible="true" hasAll="true" primaryKey="idRegiao">
      <Table name="DIM_REGIAO">
      </Table>
      <Level name="Regiao" visible="true" table="DIM_REGIAO" column="strRegiao" type="String" uniqueMembers="false" levelType="Regular" hideMemberIf="Never">
      </Level>
      <Level name="Estado" visible="true" table="DIM_REGIAO" column="strUF" type="String" uniqueMembers="false" levelType="Regular" hideMemberIf="Never">
      </Level>
    </Hierarchy>
  </Dimension>
  <Dimension type="TimeDimension" visible="true" highCardinality="false" name="TEMPO_ARQUIVAMENTO">
    <Hierarchy name="DataArquivamento" visible="true" hasAll="true" primaryKey="pkData">
      <Table name="DIM_DATA">
      </Table>
      <Level name="Ano" visible="true" table="DIM_DATA" column="numAno" type="Integer" uniqueMembers="false" levelType="TimeYears" hideMemberIf="Never" description="Ano">
      </Level>
      <Level name="Mes" visible="true" column="strMesNome" type="String" uniqueMembers="false" levelType="TimeMonths" hideMemberIf="Never" description="Mes">
      </Level>
    </Hierarchy>
  </Dimension>
  <Dimension type="StandardDimension" visible="true" highCardinality="false" name="FORNECEDOR">
    <Hierarchy name="Fornecedor" visible="true" hasAll="true" primaryKey="idFornecedor">
      <Table name="DIM_FORNECEDOR">
      </Table>
      <Level name="Fornecedor" visible="true" column="strRazaoSocialRFB" type="String" uniqueMembers="false" levelType="Regular" hideMemberIf="Never" description="Fornecedor">
      </Level>
    </Hierarchy>
  </Dimension>
  <Dimension type="StandardDimension" visible="true" highCardinality="false" name="ATIVIDADE_ECONOMICA">
    <Hierarchy name="AtividadeEconomica" visible="true" hasAll="true" primaryKey="idAtividade" description="AtividadeEconomica">
      <Table name="DIM_ATIVIDADEECONOMICA">
      </Table>
      <Level name="AtividadeEconomica" visible="true" column="strAtividade" nameColumn="strAtividade" type="String" uniqueMembers="false" levelType="Regular" hideMemberIf="Never">
      </Level>
    </Hierarchy>
  </Dimension>
  <Dimension type="StandardDimension" visible="true" highCardinality="false" name="ASSUNTO">
    <Hierarchy name="ASSUNTO" visible="true" hasAll="true" primaryKey="idAssunto">
      <Table name="DIM_ASSUNTO">
      </Table>
      <Level name="Assunto" visible="true" column="strAssunto" type="String" uniqueMembers="false" levelType="Regular" hideMemberIf="Never">
      </Level>
      <Level name="Problema" visible="true" column="strProblema" type="String" uniqueMembers="false" levelType="Regular" hideMemberIf="Never">
      </Level>
    </Hierarchy>
  </Dimension>
  <Dimension type="StandardDimension" visible="true" highCardinality="false" name="CONSUMIDOR">
    <Hierarchy name="CONSUMIDOR" visible="true" hasAll="true" primaryKey="idConsumidor">
      <Table name="DIM_CONSUMIDOR">
      </Table>
      <Level name="Sexo" visible="true" column="strSexo" type="String" uniqueMembers="false" levelType="Regular" hideMemberIf="Never">
      </Level>
    </Hierarchy>
  </Dimension>
  <Dimension type="StandardDimension" visible="true" highCardinality="false" name="FAIXAETARIA">
    <Hierarchy name="CONSUMIDORFAIXAETARIA" visible="true" hasAll="true" primaryKey="idConsumidor">
      <Table name="DIM_CONSUMIDOR">
      </Table>
      <Level name="FaixaEtaria" visible="true" column="strFaixaEtaria" type="String" uniqueMembers="false" levelType="Regular" hideMemberIf="Never" caption="Faixa Et&#225;ria">
      </Level>
    </Hierarchy>
  </Dimension>
  <Cube name="RECLAMA&#199;&#213;ES" visible="true" cache="true" enabled="true">
    <Table name="FAT_RECLAMACAO">
    </Table>
    <DimensionUsage source="REGIAO" name="Regiao" caption="Regi&#227;o" visible="true" foreignKey="idRegiao" highCardinality="false">
    </DimensionUsage>
    <DimensionUsage source="TEMPO_ABAERTURA" name="DataAbertura" caption="Data de Abertura" visible="true" foreignKey="pkDataAbertura" highCardinality="false">
    </DimensionUsage>
    <DimensionUsage source="TEMPO_ARQUIVAMENTO" name="DataArquivamento" caption="Data de Arquivamento" visible="true" foreignKey="pkDataArquivamento" highCardinality="false">
    </DimensionUsage>
    <DimensionUsage source="FORNECEDOR" name="Fornecedor" caption="Fornecedor" visible="true" foreignKey="idFornecedor" highCardinality="false">
    </DimensionUsage>
    <DimensionUsage source="ATIVIDADE_ECONOMICA" name="AtividadeEconomica" caption="Atividade Econ&#244;mica" visible="true" foreignKey="idAtividade" highCardinality="false">
    </DimensionUsage>
    <DimensionUsage source="ASSUNTO" name="Assunto" caption="Assunto" visible="true" foreignKey="idAssunto" highCardinality="false">
    </DimensionUsage>
    <DimensionUsage source="CONSUMIDOR" name="Consumidor" caption="Consumidor Sexo" visible="true" foreignKey="idConsumidor" highCardinality="false">
    </DimensionUsage>
    <DimensionUsage source="TEMPO_ABAERTURA" name="DataAberturaFiltro" caption="Data de Abertura Filtro" visible="true" foreignKey="pkDataAbertura" highCardinality="false">
    </DimensionUsage>
    <DimensionUsage source="REGIAO" name="RegiaoFiltro" caption="Regi&#227;o Filtro" visible="true" foreignKey="idRegiao" highCardinality="false">
    </DimensionUsage>
    <DimensionUsage source="TEMPO_ARQUIVAMENTO" name="DataArquivamentoFiltro" caption="Data de Arquivamento Filtro" visible="true" foreignKey="pkDataArquivamento" highCardinality="false">
    </DimensionUsage>
    <DimensionUsage source="FORNECEDOR" name="FornecedorFiltro" caption="Fornecedor Filtro" visible="true" foreignKey="idFornecedor" highCardinality="false">
    </DimensionUsage>
    <DimensionUsage source="ATIVIDADE_ECONOMICA" name="AtividadeEconomicaFiltro" caption="Atividade Econ&#244;mica Filtro" visible="true" foreignKey="idAtividade" highCardinality="false">
    </DimensionUsage>
    <DimensionUsage source="ASSUNTO" name="AssuntoFiltro" caption="Assunto Filtro" visible="true" foreignKey="idAssunto" highCardinality="false">
    </DimensionUsage>
    <DimensionUsage source="CONSUMIDOR" name="ConsumidorFiltro" caption="Consumidor Sexo Filtro" visible="true" foreignKey="idConsumidor" highCardinality="false">
    </DimensionUsage>
    <DimensionUsage source="FAIXAETARIA" name="ConsumidorFaixaEtaria" caption="Consumidor Faixa Et&#225;ria" visible="true" foreignKey="idConsumidor" highCardinality="false">
    </DimensionUsage>
    <DimensionUsage source="FAIXAETARIA" name="ConsumidorFaixaEtariaFiltro" caption="Consumidor Faixa Et&#225;ria Filtro" visible="true" foreignKey="idConsumidor" highCardinality="false">
    </DimensionUsage>
    <Measure name="MReclamacoesAtendidas" column="numQuantidadeAtendida" datatype="Integer" aggregator="sum" caption="2 - Reclama&#231;&#245;es Atendidas" description="Reclama&#231;&#245;es Atendidas" visible="false">
    </Measure>
    <Measure name="MReclamacoesNaoAtendidas" column="numQuantidadeNaoAtendida" datatype="Integer" aggregator="sum" caption="3 - Reclama&#231;&#245;es n&#227;o Atendidas" description="Reclama&#231;&#245;es n&#227;o Atendidas" visible="false">
    </Measure>
    <Measure name="MMediaFechamento" column="avgDiasArquivamento" datatype="Integer" aggregator="avg" caption="M&#233;dia Fechamento" description="M&#233;dia Fechamento" visible="false">
    </Measure>
    <CalculatedMember name="TotalReclamacoes" caption="N&#176; Reclama&#231;&#245;es" description="Total de Reclama&#231;&#245;es" formula="[Measures].[MReclamacoesAtendidas]+[Measures].[MReclamacoesNaoAtendidas]" dimension="Measures" visible="true">
    </CalculatedMember>
    <CalculatedMember name="ReclamacoesAtendidas" caption="Reclama&#231;&#245;es Atendidas" description="Reclama&#231;&#245;es Atendidas" formula="[Measures].[MReclamacoesAtendidas]" dimension="Measures" visible="true">
    </CalculatedMember>
    <CalculatedMember name="ReclamacoesNaoAtendidas" caption="Reclama&#231;&#245;es n&#227;o Atendidas" formula="[Measures].[MReclamacoesNaoAtendidas]" dimension="Measures" visible="true">
    </CalculatedMember>
    <CalculatedMember name="MediaFechamento" caption="M&#233;dia Fechamento" formula="[Measures].[MMediaFechamento]" dimension="Measures" visible="true">
    </CalculatedMember>
  </Cube>
</Schema>
